[{"id": 78, "ip": "127.0.0.1", "cron": "* * * * *", "command": "python3 --version", "last_run": "2019-09-10 11:35:14", "enabled": 1, "date_created": "2019-06-12 15:08:34", "date_updated": "2019-09-10 11:35:13", "deleted": 0, "success": 38635, "failed": 16, "one_time": 0, "jobs_id": 6}, {"id": 104, "ip": "127.0.0.1", "cron": "* * * * *", "command": "mysql --version", "last_run": "2019-09-10 11:25:44", "enabled": 1, "date_created": "2019-09-10 10:09:34", "date_updated": "2019-09-10 11:33:00", "deleted": 0, "success": 11, "failed": 0, "one_time": 1, "jobs_id": null}]